{"S_0.5_3_imagenet": 0.5449059282925098, "S_0.5_1_imagenet": 0.14104839663945096, "S_0.05_1_imagenet": 0.4036208732694355, "S_0.01_1_imagenet": 0.40989232043545143, "S_0.2_3_imagenet": 0.5484558040468583, "S_0.01_3_imagenet": 0.52739320790439, "S_0.1_1_imagenet": 0.40397586084487047, "S_0.2_1_imagenet": 0.2980712341734706, "S_0.1_3_imagenet": 0.5276298662880132, "S_0.05_3_imagenet": 0.5341379718376523}