{"CDAN+E_0.1_1_imagenet": 0.46124718968169454, "CDAN+E_0.5_3_imagenet": 0.6022955863211454, "CDAN+E_0.05_3_imagenet": 0.6409892320435452, "CDAN+E_0.01_1_imagenet": 0.4226718731511064, "CDAN+E_0.1_3_imagenet": 0.6697432256537686, "CDAN+E_0.05_1_imagenet": 0.4479943201987931, "CDAN+E_0.2_3_imagenet": 0.6353094308365873, "CDAN+E_0.2_1_imagenet": 0.3323866997988404, "CDAN+E_0.01_3_imagenet": 0.59531416400426, "CDAN+E_0.5_1_imagenet": 0.16021772571293338}