{"DANN_0.01_1_imagenet": 0.4881079162229322, "DANN_0.1_1_imagenet": 0.4217252396166134, "DANN_0.05_1_imagenet": 0.47698497219263986, "DANN_0.5_1_imagenet": 0.32327535202934565, "DANN_0.5_3_imagenet": 0.5735415927109218, "DANN_0.01_3_imagenet": 0.5431309904153354, "DANN_0.2_3_imagenet": 0.5775647852325169, "DANN_0.2_1_imagenet": 0.39356289196544786, "DANN_0.1_3_imagenet": 0.5591054313099041, "DANN_0.05_3_imagenet": 0.5640752573659922}